trade_id,symbol,side,entry_time_utc,exit_time_utc,entry_price,exit_price,quantity,holding_minutes,exit_reason,gross_pnl_quote,fees_quote_total,net_pnl_quote,entry_notional_quote,exit_notional_quote,executed_quantity,was_tp_exit,was_sl_exit,was_forced_exit,trade_won
bt-trade-1,BTCUSDT,BUY,2026-01-01T08:00:00+00:00,2026-01-01T08:15:00+00:00,87794.26519500,87461.366574415000,0.113,15.0,STOP_LOSS,-47.538296093140000,9.883134422908895000,-57.421430516048895000,9920.75196703500,9883.134422908895000,0.113,False,True,False,False
bt-trade-2,BTCUSDT,BUY,2026-01-01T14:45:00+00:00,2026-01-01T15:00:00+00:00,88011.03352500,87662.135784425000,0.112,15.0,STOP_LOSS,-48.933782699200000,9.818159207855600000,-58.751941907055600000,9857.23575480000,9818.159207855600000,0.112,False,True,False,False
bt-trade-3,BTCUSDT,BUY,2026-01-01T16:45:00+00:00,2026-01-01T17:15:00+00:00,88032.75438000,88226.90295142857142857142857,0.112,30.0,TAKE_PROFIT,11.884971509440000000000000,9.881413130560000000000000000,2.003558378880000000000000000,9859.66849056000,9881.413130560000000000000000,0.112,True,False,False,True
bt-trade-4,BTCUSDT,BUY,2026-01-01T18:30:00+00:00,2026-01-01T19:00:00+00:00,88219.37764500,87822.83421563642857142857143,0.111,30.0,STOP_LOSS,-53.808671577951428571428571,9.74833459793564357142857143,-63.55700617588707214285714243,9792.35091859500,9748.334597935643571428571429,0.111,False,True,False,False
bt-trade-5,BTCUSDT,BUY,2026-01-01T19:15:00+00:00,2026-01-01T22:00:00+00:00,88210.83337500,88456.31194642857142857142857,0.111,165.0,TAKE_PROFIT,17.456718923946428571428571,9.818650626053571428571428571,7.638068297892857142857142429,9791.40250462500,9818.650626053571428571428571,0.111,True,False,False,True
bt-trade-6,BTCUSDT,BUY,2026-01-02T00:15:00+00:00,2026-01-02T01:30:00+00:00,88759.62763500,88331.11548780928571428571428,0.110,75.0,STOP_LOSS,-56.899895230828571428571429,9.71642270365902142857142857,-66.61631793448759285714285757,9763.55903985000,9716.422703659021428571428571,0.110,False,True,False,False
bt-trade-7,BTCUSDT,BUY,2026-01-02T02:45:00+00:00,2026-01-02T03:30:00+00:00,88681.34851500,89010.18422928571428571428571,0.109,45.0,TAKE_PROFIT,26.176825869007857142857142,9.70211008099214285714285714,16.47471578801571428571428486,9666.26698813500,9702.110080992142857142857142,0.109,True,False,False,True
bt-trade-8,BTCUSDT,BUY,2026-01-02T05:45:00+00:00,2026-01-02T08:30:00+00:00,88809.58260000,89157.52402857142857142857143,0.110,165.0,TAKE_PROFIT,28.504503056857142857142857,9.80732764314285714285714286,18.69717541371428571428571414,9769.05408600000,9807.327643142857142857142857,0.110,True,False,False,True
bt-trade-9,BTCUSDT,BUY,2026-01-02T11:30:00+00:00,2026-01-02T13:45:00+00:00,89572.76400000,89111.98576442857142857142857,0.109,135.0,STOP_LOSS,-59.988258953285714285714286,9.71320644832271428571428571,-69.70146540160842857142857171,9763.43127600000,9713.206448322714285714285714,0.109,False,True,False,False
bt-trade-10,BTCUSDT,BUY,2026-01-02T14:30:00+00:00,2026-01-02T14:45:00+00:00,89432.34382500,89935.56525357142857142857143,0.108,15.0,TAKE_PROFIT,44.689221152614285714285714,9.71304104738571428571428571,34.97618010522857142857142829,9658.69313310000,9713.041047385714285714285714,0.108,True,False,False,True
bt-trade-11,BTCUSDT,BUY,2026-01-02T15:30:00+00:00,2026-01-02T15:45:00+00:00,89802.76894500,89106.78706673642857142857143,0.108,15.0,STOP_LOSS,-84.864741898525714285714286,9.62353300320753428571428571,-94.48827490173324857142857171,9698.69904606000,9623.533003207534285714285714,0.108,False,True,False,False
bt-trade-12,BTCUSDT,BUY,2026-01-02T20:00:00+00:00,2026-01-02T20:45:00+00:00,90115.53525000,89491.921634250000,0.107,45.0,STOP_LOSS,-76.369019157000000,9.575635614864750000,-85.944654771864750000,9642.36227175000,9575.635614864750000,0.107,False,True,False,False
bt-trade-13,BTCUSDT,BUY,2026-01-02T21:15:00+00:00,2026-01-03T07:15:00+00:00,90028.30165500,89483.817425035000,0.106,600.0,STOP_LOSS,-67.258328351720000,9.485284647053710000,-76.743612998773710000,9542.99997543000,9485.284647053710000,0.106,False,True,False,False
bt-trade-14,BTCUSDT,BUY,2026-01-03T08:15:00+00:00,2026-01-03T14:15:00+00:00,89777.93653500,90128.37367785714285714285714,0.105,360.0,TAKE_PROFIT,27.369216663825000000000000,9.46347923617500000000000000,17.90573742765000000000000000,9426.68333617500,9463.479236175000000000000000,0.105,True,False,False,True
bt-trade-15,BTCUSDT,BUY,2026-01-03T15:15:00+00:00,2026-01-03T15:45:00+00:00,90118.71684000,89728.68294590857142857142857,0.105,30.0,STOP_LOSS,-50.416024147800000000000000,9.42151170932040000000000000,-59.83753585712040000000000000,9462.46526820000,9421.511709320400000000000000,0.105,False,True,False,False
bt-trade-16,BTCUSDT,BUY,2026-01-03T16:00:00+00:00,2026-01-03T16:15:00+00:00,90071.72335500,89683.57163064928571428571428,0.104,15.0,STOP_LOSS,-49.735238561394285714285715,9.32709144958752571428571428,-59.06233001098181142857142928,9367.45922892000,9327.091449587525714285714285,0.104,False,True,False,False
bt-trade-17,BTCUSDT,BUY,2026-01-03T18:15:00+00:00,2026-01-03T18:45:00+00:00,90223.71931500,89859.06951276928571428571428,0.104,30.0,STOP_LOSS,-47.306846240754285714285715,9.34534322932800571428571428,-56.65218947008229142857142928,9383.26680876000,9345.343229328005714285714285,0.104,False,True,False,False
bt-trade-18,BTCUSDT,BUY,2026-01-03T19:15:00+00:00,2026-01-03T19:45:00+00:00,90197.05599000,89842.23683774428571428571428,0.103,30.0,STOP_LOSS,-45.836669449308571428571429,9.25375039428766142857142857,-55.09041984359623285714285757,9290.29676697000,9253.750394287661428571428571,0.103,False,True,False,False
bt-trade-19,BTCUSDT,BUY,2026-01-03T20:15:00+00:00,2026-01-03T20:30:00+00:00,90168.82188000,90300.29473714285714285714286,0.102,15.0,TAKE_PROFIT,4.213011596811428571428572,9.210630063188571428571428572,-4.997618466377142857142856572,9197.21983176000,9210.630063188571428571428572,0.102,True,False,False,False
bt-trade-20,BTCUSDT,BUY,2026-01-04T03:00:00+00:00,2026-01-04T03:30:00+00:00,91384.26930000,90863.84538567142857142857143,0.101,30.0,STOP_LOSS,-61.792626546485714285714286,9.17724838395281428571428571,-70.96987493043852857142857171,9229.81119930000,9177.248383952814285714285714,0.101,False,True,False,False
bt-trade-21,BTCUSDT,BUY,2026-01-04T03:30:00+00:00,2026-01-04T06:00:00+00:00,91295.83510500,91697.93224785714285714285714,0.100,150.0,TAKE_PROFIT,31.080130775214285714285714,9.16979322478571428571428571,21.91033755042857142857142829,9129.58351050000,9169.793224785714285714285714,0.100,True,False,False,True
bt-trade-22,BTCUSDT,BUY,2026-01-04T07:30:00+00:00,2026-01-04T08:00:00+00:00,91536.41533500,91086.707963995000,0.100,30.0,STOP_LOSS,-54.124378634000000,9.108670796399500000,-63.233049430399500000,9153.64153350000,9108.670796399500000,0.100,False,True,False,False
bt-trade-23,BTCUSDT,BUY,2026-01-04T08:30:00+00:00,2026-01-04T09:00:00+00:00,91445.70000000,90986.29833571428571428571428,0.100,30.0,STOP_LOSS,-55.084736428571428571428572,9.09862983357142857142857143,-64.18336626214285714285714343,9144.57000000000,9098.629833571428571428571428,0.100,False,True,False,False
bt-trade-24,BTCUSDT,BUY,2026-01-04T09:30:00+00:00,2026-01-04T11:45:00+00:00,91492.29328500,91035.72361300214285714285715,0.099,135.0,STOP_LOSS,-54.258134563002857142857142,9.01253663768721214285714286,-63.27067120069006928571428486,9057.73703521500,9012.536637687212142857142858,0.099,False,True,False,False
bt-trade-25,BTCUSDT,BUY,2026-01-04T13:45:00+00:00,2026-01-04T14:30:00+00:00,91309.63200000,90907.32867185714285714285715,0.099,45.0,STOP_LOSS,-48.867683054142857142857142,8.99982553851385714285714286,-57.86750859265671428571428486,9039.65356800000,8999.825538513857142857142858,0.099,False,True,False,False
bt-trade-26,BTCUSDT,BUY,2026-01-04T14:45:00+00:00,2026-01-04T15:15:00+00:00,91382.05819500,90968.875385415000,0.098,30.0,STOP_LOSS,-49.447357042440000,8.914949787770670000,-58.362306830210670000,8955.44170311000,8914.949787770670000,0.098,False,True,False,False
bt-trade-27,BTCUSDT,BUY,2026-01-04T15:45:00+00:00,2026-01-04T18:00:00+00:00,91380.60747000,90963.81061473285714285714285,0.097,135.0,STOP_LOSS,-49.293213885502857142857144,8.82348962962908714285714286,-58.11670351513194428571428686,8863.91892459000,8823.489629629087142857142856,0.097,False,True,False,False
bt-trade-28,BTCUSDT,BUY,2026-01-04T20:00:00+00:00,2026-01-04T22:00:00+00:00,91315.63500000,90908.63630857142857142857143,0.097,120.0,STOP_LOSS,-48.336489663571428571428571,8.81813772193142857142857143,-57.15462738550285714285714243,8857.61659500000,8818.137721931428571428571429,0.097,False,True,False,False
bt-trade-29,BTCUSDT,BUY,2026-01-04T22:15:00+00:00,2026-01-04T22:30:00+00:00,91331.01268500,90912.28302051642857142857143,0.096,15.0,STOP_LOSS,-48.965825008182857142857143,8.72757916996957714285714286,-57.69340417815243428571428586,8767.77721776000,8727.579169969577142857142857,0.096,False,True,False,False
bt-trade-30,BTCUSDT,BUY,2026-01-04T23:00:00+00:00,2026-01-05T00:00:00+00:00,91378.99666500,91643.11809357142857142857143,0.095,60.0,TAKE_PROFIT,16.410531031110714285714286,8.706096218889285714285714286,7.704434812221428571428571714,8681.00468317500,8706.096218889285714285714286,0.095,True,False,False,True
bt-trade-31,BTCUSDT,BUY,2026-01-05T05:15:00+00:00,2026-01-05T05:45:00+00:00,92755.50457500,92260.47103341785714285714285,0.094,30.0,STOP_LOSS,-55.252170338771428571428572,8.67248427714127857142857143,-63.92465461591270714285714343,8719.01743005000,8672.484277141278571428571428,0.094,False,True,False,False
bt-trade-32,BTCUSDT,BUY,2026-01-05T06:45:00+00:00,2026-01-05T09:00:00+00:00,92538.05590500,92065.38723299928571428571428,0.093,135.0,STOP_LOSS,-52.564225695231428571428572,8.56208101266893357142857143,-61.12630670790036214285714343,8606.03919916500,8562.081012668933571428571428,0.093,False,True,False,False
bt-trade-33,BTCUSDT,BUY,2026-01-05T09:15:00+00:00,2026-01-05T10:30:00+00:00,92676.61515000,92989.18800714285714285714286,0.093,75.0,TAKE_PROFIT,20.450350505335714285714286,8.64799448466428571428571429,11.80235602067142857142857171,8618.92520895000,8647.994484664285714285714286,0.093,True,False,False,True
bt-trade-34,BTCUSDT,BUY,2026-01-05T13:00:00+00:00,2026-01-05T13:15:00+00:00,92981.27740500,92499.58507707071428571428572,0.092,15.0,STOP_LOSS,-52.869971690754285714285714,8.50996182709050571428571429,-61.37993351784479142857142829,8554.27752126000,8509.961827090505714285714286,0.092,False,True,False,False
bt-trade-35,BTCUSDT,BUY,2026-01-05T14:30:00+00:00,2026-01-05T14:45:00+00:00,93329.92164000,92807.40379150857142857142857,0.091,15.0,STOP_LOSS,-56.042147081960000000000000,8.44547374502728000000000000,-64.48762082698728000000000000,8493.02286924000,8445.473745027280000000000000,0.091,False,True,False,False
bt-trade-36,BTCUSDT,BUY,2026-01-05T17:30:00+00:00,2026-01-05T20:15:00+00:00,93841.56733500,94671.87447785714285714285714,0.090,165.0,TAKE_PROFIT,66.281901796992857142857143,8.52046870300714285714285714,57.76143309398571428571428586,8445.74106015000,8520.468703007142857142857143,0.090,True,False,False,True
bt-trade-37,BTCUSDT,BUY,2026-01-05T22:00:00+00:00,2026-01-05T23:30:00+00:00,94229.08099500,93634.21738487214285714285715,0.091,90.0,STOP_LOSS,-62.707434892179999999999999,8.52071378202336500000000000,-71.22814867420336499999999900,8574.84637054500,8520.713782023365000000000001,0.091,False,True,False,False
bt-trade-38,BTCUSDT,BUY,2026-01-06T01:00:00+00:00,2026-01-06T01:45:00+00:00,93964.26865500,93479.610974035000,0.090,45.0,STOP_LOSS,-52.075975465800000,8.413164987663150000,-60.489140453463150000,8456.78417895000,8413.164987663150000,0.090,False,True,False,False
bt-trade-39,BTCUSDT,BUY,2026-01-06T03:00:00+00:00,2026-01-06T05:30:00+00:00,93803.99856000,93324.786749320000,0.090,150.0,STOP_LOSS,-51.571422831600000,8.399230807438800000,-59.970653639038800000,8442.35987040000,8399.230807438800000,0.090,False,True,False,False
bt-trade-40,BTCUSDT,BUY,2026-01-06T06:00:00+00:00,2026-01-06T07:00:00+00:00,93803.73843000,93379.32679256714285714285715,0.089,60.0,STOP_LOSS,-46.121168451794285714285714,8.31076008453847571428571429,-54.43192853633276142857142829,8348.53272027000,8310.760084538475714285714286,0.089,False,True,False,False
bt-trade-41,BTCUSDT,BUY,2026-01-06T09:15:00+00:00,2026-01-06T12:00:00+00:00,93516.74500500,93911.725005000,0.089,165.0,TAKE_PROFIT,26.83022969455500,8.358143525445000,18.472086169110000,8322.99030544500,8358.143525445000,0.089,True,False,False,True
bt-trade-42,BTCUSDT,BUY,2026-01-06T14:00:00+00:00,2026-01-06T14:15:00+00:00,94139.66631000,94429.32345285714285714285714,0.088,15.0,TAKE_PROFIT,17.205537936148571428571428,8.309780463851428571428571428,8.895757472297142857142856572,8284.29063528000,8309.780463851428571428571428,0.088,True,False,False,True
bt-trade-43,BTCUSDT,BUY,2026-01-06T15:15:00+00:00,2026-01-06T15:30:00+00:00,94177.59526500,93642.48321134785714285714285,0.088,15.0,STOP_LOSS,-55.377489104708571428571429,8.24053852259861142857142857,-63.61802762730718285714285757,8287.62838332000,8240.538522598611428571428571,0.088,False,True,False,False
bt-trade-44,BTCUSDT,BUY,2026-01-06T19:15:00+00:00,2026-01-06T21:15:00+00:00,92293.01344500,93157.67487357142857142857143,0.089,120.0,TAKE_PROFIT,68.740788946252142857142857,8.29103306374785714285714286,60.44975588250428571428571414,8214.07819660500,8291.033063747857142857142857,0.089,True,False,False,True
bt-trade-45,BTCUSDT,BUY,2026-01-07T02:30:00+00:00,2026-01-07T04:15:00+00:00,92971.52253000,92418.51343455285714285714285,0.089,105.0,STOP_LOSS,-57.492274999965714285714286,8.22524769567520428571428571,-65.71752269564091857142857171,8274.46550517000,8225.247695675204285714285714,0.089,False,True,False,False
bt-trade-46,BTCUSDT,BUY,2026-01-07T06:15:00+00:00,2026-01-07T06:30:00+00:00,92883.40849500,92449.00479308642857142857143,0.089,15.0,STOP_LOSS,-46.928552826362857142857143,8.22796142658469214285714286,-55.15651425294754928571428586,8266.62335605500,8227.961426584692142857142857,0.089,False,True,False,False
bt-trade-47,BTCUSDT,BUY,2026-01-07T07:00:00+00:00,2026-01-07T09:00:00+00:00,92806.54008000,92374.51124547428571428571428,0.088,120.0,STOP_LOSS,-46.185512965302857142857143,8.12895698960173714285714286,-54.31446995490459428571428586,8166.97552704000,8128.956989601737142857142857,0.088,False,True,False,False
bt-trade-48,BTCUSDT,BUY,2026-01-07T11:00:00+00:00,2026-01-07T13:00:00+00:00,92167.32063000,91675.17112882428571428571428,0.088,120.0,STOP_LOSS,-51.419880318902857142857143,8.06741505933653714285714286,-59.48729537823939428571428586,8110.72421544000,8067.415059336537142857142857,0.088,False,True,False,False
bt-trade-49,BTCUSDT,BUY,2026-01-07T13:15:00+00:00,2026-01-07T13:30:00+00:00,92274.22405500,91814.66054069214285714285715,0.088,15.0,STOP_LOSS,-48.561720975931428571428571,8.07969012758090857142857143,-56.64141110351233714285714243,8120.13171684000,8079.690127580908571428571429,0.088,False,True,False,False
bt-trade-50,BTCUSDT,BUY,2026-01-07T14:45:00+00:00,2026-01-07T15:00:00+00:00,92005.01952000,91477.39014715428571428571428,0.087,15.0,STOP_LOSS,-53.908192135817142857142858,7.95853294280242285714285714,-61.86672507861956571428571514,8004.43669824000,7958.532942802422857142857142,0.087,False,True,False,False
bt-trade-51,BTCUSDT,BUY,2026-01-07T17:15:00+00:00,2026-01-07T17:45:00+00:00,91652.23321500,90958.97661964071428571428572,0.087,30.0,STOP_LOSS,-68.287068085962857142857142,7.91343096590874214285714286,-76.20049905187159928571428486,7973.74428970500,7913.430965908742142857142858,0.087,False,True,False,False
bt-trade-52,BTCUSDT,BUY,2026-01-07T19:45:00+00:00,2026-01-07T20:15:00+00:00,91231.66303500,90641.08014160928571428571428,0.086,30.0,STOP_LOSS,-58.636051852611428571428572,7.79513289217839857142857143,-66.43118474478982714285714343,7845.92302101000,7795.132892178398571428571428,0.086,False,True,False,False
bt-trade-53,BTCUSDT,BUY,2026-01-07T21:00:00+00:00,2026-01-07T22:00:00+00:00,91222.78860000,90670.07702562857142857142857,0.086,60.0,STOP_LOSS,-55.378355215542857142857143,7.79762662420405714285714286,-63.17598183974691428571428586,7845.15981960000,7797.626624204057142857142857,0.086,False,True,False,False
bt-trade-54,BTCUSDT,BUY,2026-01-07T22:15:00+00:00,2026-01-08T01:15:00+00:00,91121.69808000,91549.42665142857142857142857,0.085,180.0,TAKE_PROFIT,28.611584234628571428571428,7.78170126537142857142857143,20.82988296925714285714285657,7745.34433680000,7781.701265371428571428571428,0.085,True,False,False,True
bt-trade-55,BTCUSDT,BUY,2026-01-08T04:15:00+00:00,2026-01-08T05:30:00+00:00,91142.39842500,90625.07227115357142857142857,0.085,75.0,STOP_LOSS,-51.719826943071428571428572,7.70313114304805357142857143,-59.42295808611948214285714343,7747.10386612500,7703.131143048053571428571428,0.085,False,True,False,False
bt-trade-56,BTCUSDT,BUY,2026-01-08T07:30:00+00:00,2026-01-08T08:45:00+00:00,90501.73825500,89966.86409594928571428571428,0.085,75.0,STOP_LOSS,-53.156951270985714285714286,7.64718344815568928571428571,-60.80413471914140357142857171,7692.64775167500,7647.183448155689285714285714,0.085,False,True,False,False
bt-trade-57,BTCUSDT,BUY,2026-01-08T10:15:00+00:00,2026-01-08T12:00:00+00:00,90246.00045000,89702.458323650000,0.085,105.0,STOP_LOSS,-53.871990778000000,7.624708957510250000,-61.496699735510250000,7670.91003825000,7624.708957510250000,0.085,False,True,False,False
bt-trade-58,BTCUSDT,BUY,2026-01-08T13:15:00+00:00,2026-01-08T13:45:00+00:00,90112.78387500,89604.97151766071428571428572,0.084,30.0,STOP_LOSS,-50.225711862000000000000000,7.52681760748350000000000000,-57.75252946948350000000000000,7569.47384550000,7526.817607483500000000000000,0.084,False,True,False,False
bt-trade-59,BTCUSDT,BUY,2026-01-08T14:45:00+00:00,2026-01-08T15:30:00+00:00,90069.02200500,90677.39771928571428571428571,0.084,45.0,TAKE_PROFIT,43.537762151580000000000000,7.61690140842000000000000000,35.92086074316000000000000000,7565.79784842000,7616.901408420000000000000000,0.084,True,False,False,True
bt-trade-60,BTCUSDT,BUY,2026-01-08T18:45:00+00:00,2026-01-08T19:45:00+00:00,91162.90867500,90556.23964040357142857142857,0.083,60.0,STOP_LOSS,-57.920051291528571428571429,7.51616789015349642857142857,-65.43621918168206785714285757,7566.52142002500,7516.167890153496428571428571,0.083,False,True,False,False
bt-trade-61,BTCUSDT,BUY,2026-01-08T20:45:00+00:00,2026-01-09T01:15:00+00:00,90973.08381000,91516.96666714285714285714286,0.082,270.0,TAKE_PROFIT,37.138601413294285714285715,7.50439126670571428571428572,29.63421014658857142857142928,7459.79287242000,7504.391266705714285714285715,0.082,True,False,False,True
bt-trade-62,BTCUSDT,BUY,2026-01-09T02:00:00+00:00,2026-01-09T02:30:00+00:00,91487.06067000,90998.95164584714285714285715,0.082,30.0,STOP_LOSS,-47.526878955474285714285714,7.46191403495946571428571429,-54.98879299043375142857142829,7501.93897494000,7461.914034959465714285714286,0.082,False,True,False,False
bt-trade-63,BTCUSDT,BUY,2026-01-09T03:30:00+00:00,2026-01-09T04:30:00+00:00,91236.32536500,90696.60040961928571428571428,0.082,60.0,STOP_LOSS,-51.738825021148571428571429,7.43712123358878142857142857,-59.17594625473735285714285757,7481.37867993000,7437.121233588781428571428571,0.082,False,True,False,False
bt-trade-64,BTCUSDT,BUY,2026-01-09T05:45:00+00:00,2026-01-09T07:30:00+00:00,91137.36591000,90692.14436298428571428571428,0.081,105.0,STOP_LOSS,-43.445071946982857142857143,7.34606369340172714285714286,-50.79113564038458428571428586,7382.12663871000,7346.063693401727142857142857,0.081,False,True,False,False
bt-trade-65,BTCUSDT,BUY,2026-01-09T10:30:00+00:00,2026-01-09T12:15:00+00:00,90551.90332500,90034.76057788214285714285715,0.081,105.0,STOP_LOSS,-49.223266685871428571428571,7.29281560680845357142857143,-56.51608229267988214285714243,7334.70416932500,7292.815606808453571428571429,0.081,False,True,False,False
bt-trade-66,BTCUSDT,BUY,2026-01-09T13:00:00+00:00,2026-01-09T13:30:00+00:00,90676.62565500,90249.08229374928571428571428,0.081,30.0,STOP_LOSS,-41.975818939362857142857143,7.31017566579369214285714286,-49.28599460515654928571428586,7344.80667805500,7310.175665793692142857142857,0.081,False,True,False,False
bt-trade-67,BTCUSDT,BUY,2026-01-09T14:15:00+00:00,2026-01-09T14:30:00+00:00,90602.19846000,90113.56786533428571428571428,0.080,15.0,STOP_LOSS,-46.338623450057142857142858,7.20908542922674285714285714,-53.54770887928388571428571514,7248.17587680000,7209.085429226742857142857142,0.080,False,True,False,False
bt-trade-68,BTCUSDT,BUY,2026-01-09T15:15:00+00:00,2026-01-09T15:30:00+00:00,91726.43029500,91066.16545125785714285714285,0.079,15.0,STOP_LOSS,-59.407310648934285714285715,7.19422707064937071428571428,-66.60153771958365642857142928,7246.38799330500,7194.227070649370714285714285,0.079,False,True,False,False
bt-trade-69,BTCUSDT,BUY,2026-01-09T17:45:00+00:00,2026-01-09T18:15:00+00:00,91467.94111500,90660.66429236928571428571428,0.078,30.0,STOP_LOSS,-70.102091572165714285714286,7.07153181480480428571428571,-77.17362338697051857142857171,7134.49940697000,7071.531814804804285714285714,0.078,False,True,False,False
bt-trade-70,BTCUSDT,BUY,2026-01-09T21:15:00+00:00,2026-01-11T16:30:00+00:00,90607.90131000,91248.68845285714285714285714,0.078,2595.0,TAKE_PROFIT,42.913980840677142857142857,7.11739769932285714285714286,35.79658314135428571428571414,7067.41630218000,7117.397699322857142857142857,0.078,True,False,False,True
bt-trade-71,BTCUSDT,BUY,2026-01-11T21:45:00+00:00,2026-01-11T22:00:00+00:00,90802.43853000,90392.85612083857142857142857,0.078,15.0,STOP_LOSS,-39.030018119931428571428572,7.05064277742540857142857143,-46.08066089735683714285714343,7082.59020534000,7050.642777425408571428571428,0.078,False,True,False,False
bt-trade-72,BTCUSDT,BUY,2026-01-11T22:15:00+00:00,2026-01-11T22:45:00+00:00,90730.88277000,90304.56460383285714285714285,0.078,30.0,STOP_LOSS,-40.329825817097142857142858,7.04375603909896285714285714,-47.37358185619610571428571514,7077.00885606000,7043.756039098962857142857142,0.078,False,True,False,False
bt-trade-73,BTCUSDT,BUY,2026-01-11T23:00:00+00:00,2026-01-12T00:15:00+00:00,90762.46855500,91151.27284071428571428571429,0.077,75.0,TAKE_PROFIT,22.949219921265000000000000,7.01864800873500000000000000,15.93057191253000000000000000,6988.71007873500,7018.648008735000000000000000,0.077,True,False,False,True
bt-trade-74,BTCUSDT,BUY,2026-01-12T00:45:00+00:00,2026-01-12T02:15:00+00:00,91304.27932500,91849.36075357142857142857143,0.077,90.0,TAKE_PROFIT,34.940840491975000000000000,7.07240077802500000000000000,27.86843971395000000000000000,7030.42950802500,7072.400778025000000000000000,0.077,True,False,False,True
bt-trade-75,BTCUSDT,BUY,2026-01-12T04:00:00+00:00,2026-01-12T07:00:00+00:00,92146.17006000,91518.269109820000,0.077,180.0,STOP_LOSS,-55.443628258480000,7.046906721456140000,-62.490534979936140000,7095.25509462000,7046.906721456140000,0.077,False,True,False,False
bt-trade-76,BTCUSDT,BUY,2026-01-12T12:00:00+00:00,2026-01-12T13:00:00+00:00,90807.11086500,90339.18495383357142857142857,0.077,60.0,STOP_LOSS,-43.022442696420000000000000,6.95611724144518500000000000,-49.97855993786518500000000000,6992.14753660500,6956.117241445185000000000000,0.077,False,True,False,False
bt-trade-77,BTCUSDT,BUY,2026-01-12T13:15:00+00:00,2026-01-12T13:45:00+00:00,90736.25545500,90294.25830077785714285714285,0.076,30.0,STOP_LOSS,-40.487739135462857142857143,6.86236363085911714285714286,-47.35010276632197428571428586,6895.95541458000,6862.363630859117142857142857,0.076,False,True,False,False
bt-trade-78,BTCUSDT,BUY,2026-01-12T14:30:00+00:00,2026-01-12T14:45:00+00:00,90850.87273500,90344.47020608071428571428572,0.076,15.0,STOP_LOSS,-45.391258525725714285714285,6.86617973566213428571428572,-52.25743826138784857142857072,6904.66632786000,6866.179735662134285714285715,0.076,False,True,False,False
bt-trade-79,BTCUSDT,BUY,2026-01-12T18:00:00+00:00,2026-01-12T21:00:00+00:00,91751.55285000,91068.08793573571428571428572,0.075,180.0,STOP_LOSS,-58.141235033571428571428571,6.83010659518017857142857143,-64.97134162875160714285714243,6881.36646375000,6830.106595180178571428571429,0.075,False,True,False,False
bt-trade-80,BTCUSDT,BUY,2026-01-13T00:00:00+00:00,2026-01-13T01:30:00+00:00,91375.66500000,90915.123930000000,0.074,90.0,STOP_LOSS,-40.841838390000000,6.727719170820000000,-47.569557560820000000,6761.79921000000,6727.719170820000000,0.074,False,True,False,False
bt-trade-81,BTCUSDT,BUY,2026-01-13T03:00:00+00:00,2026-01-13T05:00:00+00:00,91318.17627000,91677.06198428571428571428571,0.074,120.0,TAKE_PROFIT,19.799997813162857142857143,6.78410258683714285714285714,13.01589522632571428571428586,6757.54504398000,6784.102586837142857142857143,0.074,True,False,False,True
bt-trade-82,BTCUSDT,BUY,2026-01-13T07:45:00+00:00,2026-01-13T09:00:00+00:00,91987.97100000,92426.53242857142857142857143,0.073,75.0,TAKE_PROFIT,25.299862402714285714285714,6.74713686728571428571428571,18.55272553542857142857142829,6715.12188300000,6747.136867285714285714285714,0.073,True,False,False,True
bt-trade-83,BTCUSDT,BUY,2026-01-13T09:45:00+00:00,2026-01-13T10:30:00+00:00,92315.55471000,91821.905110870000,0.073,45.0,STOP_LOSS,-42.775456230320000,6.702999073093510000,-49.478455303413510000,6739.03549383000,6702.999073093510000,0.073,False,True,False,False
bt-trade-84,BTCUSDT,BUY,2026-01-13T11:00:00+00:00,2026-01-13T11:45:00+00:00,92264.45917500,91779.158202475000,0.073,45.0,STOP_LOSS,-42.162276514100000,6.699878548780675000,-48.862155062880675000,6735.30551977500,6699.878548780675000,0.073,False,True,False,False
bt-trade-85,BTCUSDT,BUY,2026-01-13T12:30:00+00:00,2026-01-13T13:00:00+00:00,92183.89891500,91703.69358896928571428571428,0.072,30.0,STOP_LOSS,-41.212024196091428571428572,6.60266593840578857142857143,-47.81469013449721714285714343,6637.24072188000,6602.665938405788571428571428,0.072,False,True,False,False
bt-trade-86,BTCUSDT,BUY,2026-01-13T13:15:00+00:00,2026-01-13T13:30:00+00:00,92186.05999500,92478.17856642857142857142857,0.072,15.0,TAKE_PROFIT,14.395140823217142857142857,6.658428856782857142857142857,7.736711966434285714285714143,6637.39631964000,6658.428856782857142857142857,0.072,True,False,False,True
bt-trade-87,BTCUSDT,BUY,2026-01-13T14:15:00+00:00,2026-01-13T14:30:00+00:00,92479.84681500,92896.86538642857142857142857,0.072,15.0,TAKE_PROFIT,23.366788172177142857142857,6.68857430782285714285714286,16.67821386435428571428571414,6658.54897068000,6688.574307822857142857142857,0.072,True,False,False,True
bt-trade-88,BTCUSDT,BUY,2026-01-13T22:00:00+00:00,2026-01-13T22:15:00+00:00,95651.90205000,94962.93529170714285714285715,0.069,15.0,STOP_LOSS,-54.138687563657142857142857,6.55244253512779285714285714,-60.69113009878493571428571414,6599.98124145000,6552.442535127792857142857143,0.069,False,True,False,False
bt-trade-89,BTCUSDT,BUY,2026-01-13T23:45:00+00:00,2026-01-14T06:00:00+00:00,95461.70700000,94679.53727971428571428571428,0.069,375.0,STOP_LOSS,-60.556568482714285714285715,6.53288807230028571428571428,-67.08945655501457142857142928,6586.85778300000,6532.888072300285714285714285,0.069,False,True,False,False
bt-trade-90,BTCUSDT,BUY,2026-01-14T06:45:00+00:00,2026-01-14T07:30:00+00:00,95076.38443500,94576.615836695000,0.068,45.0,STOP_LOSS,-40.449458826320000,6.431209876895260000,-46.880668703215260000,6465.19414158000,6431.209876895260000,0.068,False,True,False,False
bt-trade-91,BTCUSDT,BUY,2026-01-14T07:30:00+00:00,2026-01-14T11:15:00+00:00,95065.83916500,94575.892742505000,0.068,225.0,STOP_LOSS,-39.780833792880000,6.431160706490340000,-46.211994499370340000,6464.47706322000,6431.160706490340000,0.068,False,True,False,False
bt-trade-92,BTCUSDT,BUY,2026-01-14T12:00:00+00:00,2026-01-14T14:00:00+00:00,95066.50950000,95447.549500000,0.067,120.0,TAKE_PROFIT,19.16022386350000,6.394985816500000,12.765238047000000,6369.45613650000,6394.985816500000,0.067,True,False,False,True
bt-trade-93,BTCUSDT,BUY,2026-01-14T14:00:00+00:00,2026-01-14T14:30:00+00:00,95524.29828000,95915.86256571428571428571429,0.067,30.0,TAKE_PROFIT,19.834679158097142857142857,6.42636279190285714285714286,13.40831636619428571428571414,6400.12798476000,6426.362791902857142857142857,0.067,True,False,False,True
bt-trade-94,BTCUSDT,BUY,2026-01-14T19:00:00+00:00,2026-01-15T00:30:00+00:00,97042.60705500,96224.53339954928571428571428,0.066,330.0,STOP_LOSS,-60.397673325377142857142858,6.35081920437025285714285714,-66.74849252974739571428571514,6404.81206563000,6350.819204370252857142857142,0.066,False,True,False,False
bt-trade-95,BTCUSDT,BUY,2026-01-15T04:15:00+00:00,2026-01-15T09:30:00+00:00,96292.16202000,96860.32487714285714285714286,0.066,315.0,TAKE_PROFIT,31.143465878108571428571429,6.39278144189142857142857143,24.75068443621714285714285757,6355.28269332000,6392.781441891428571428571429,0.066,True,False,False,True
bt-trade-96,BTCUSDT,BUY,2026-01-15T11:15:00+00:00,2026-01-15T11:30:00+00:00,96923.57757000,96451.55579800428571428571428,0.066,15.0,STOP_LOSS,-37.550393071337142857142858,6.36580268266828285714285714,-43.91619575400542571428571514,6396.95611962000,6365.802682668282857142857142,0.066,False,True,False,False
bt-trade-97,BTCUSDT,BUY,2026-01-15T12:30:00+00:00,2026-01-15T14:00:00+00:00,96795.36349500,97159.92492357142857142857143,0.066,90.0,TAKE_PROFIT,17.672560295044285714285714,6.41255504495571428571428571,11.26000525008857142857142829,6388.49399067000,6412.555044955714285714285714,0.066,True,False,False,True
bt-trade-98,BTCUSDT,BUY,2026-01-15T15:45:00+00:00,2026-01-15T16:00:00+00:00,96785.40852000,96003.53770372571428571428572,0.066,15.0,STOP_LOSS,-57.991310836422857142857142,6.33623348844589714285714286,-64.32754432486875428571428486,6387.83696232000,6336.233488445897142857142858,0.066,False,True,False,False
bt-trade-99,BTCUSDT,BUY,2026-01-15T17:15:00+00:00,2026-01-15T18:00:00+00:00,96790.98130500,95925.25034322785714285714285,0.065,45.0,STOP_LOSS,-62.563926300014285714285715,6.23514127230981071428571428,-68.79906757232409642857142928,6291.41378482500,6235.141272309810714285714285,0.065,False,True,False,False
bt-trade-100,BTCUSDT,BUY,2026-01-15T21:30:00+00:00,2026-01-16T04:30:00+00:00,95543.31778500,94965.76750450214285714285715,0.065,420.0,STOP_LOSS,-43.751083888385714285714285,6.17277488779263928571428572,-49.92385877617835357142857072,6210.31565602500,6172.774887792639285714285715,0.065,False,True,False,False
bt-trade-101,BTCUSDT,BUY,2026-01-16T05:00:00+00:00,2026-01-16T05:15:00+00:00,95457.29479500,95011.47198847214285714285715,0.065,15.0,STOP_LOSS,-35.183206585985714285714285,6.17574567925068928571428572,-41.35895226523640357142857072,6204.72416167500,6175.745679250689285714285715,0.065,False,True,False,False
bt-trade-102,BTCUSDT,BUY,2026-01-16T05:30:00+00:00,2026-01-16T10:15:00+00:00,95640.38629500,95179.29778182928571428571428,0.064,285.0,STOP_LOSS,-35.630649565805714285714286,6.09147505803707428571428571,-41.72212462384278857142857171,6120.98472288000,6091.475058037074285714285714,0.064,False,True,False,False
bt-trade-103,BTCUSDT,BUY,2026-01-16T11:45:00+00:00,2026-01-16T13:30:00+00:00,95476.80454500,95067.26314707928571428571428,0.064,105.0,STOP_LOSS,-32.321164957805714285714286,6.08430484141307428571428571,-38.40546979921878857142857171,6110.51549088000,6084.304841413074285714285714,0.064,False,True,False,False
bt-trade-104,BTCUSDT,BUY,2026-01-16T14:15:00+00:00,2026-01-16T14:30:00+00:00,95761.95705000,95330.70295456428571428571428,0.063,15.0,STOP_LOSS,-33.202011306600000000000000,6.00583428613755000000000000,-39.20784559273755000000000000,6033.00329415000,6005.834286137550000000000000,0.063,False,True,False,False
bt-trade-105,BTCUSDT,BUY,2026-01-16T15:00:00+00:00,2026-01-16T15:15:00+00:00,95622.69745500,95110.412647635000,0.063,15.0,STOP_LOSS,-38.298172803660000,5.991955996801005000,-44.290128800461005000,6024.22993966500,5991.955996801005000,0.063,False,True,False,False
bt-trade-106,BTCUSDT,BUY,2026-01-16T17:30:00+00:00,2026-01-18T23:15:00+00:00,94970.52153000,94297.10327826714285714285715,0.063,3225.0,STOP_LOSS,-48.408492715560000000000000,5.94071750653083000000000000,-54.34921022209083000000000000,5983.14285639000,5940.717506530830000000000000,0.063,False,True,False,False
bt-trade-107,BTCUSDT,BUY,2026-01-19T03:00:00+00:00,2026-01-19T23:00:00+00:00,92782.35799500,92032.72261172928571428571428,0.064,1200.0,STOP_LOSS,-53.914735441005714285714286,5.89009424715067428571428571,-59.80482968815638857142857171,5938.07091168000,5890.094247150674285714285714,0.064,False,True,False,False
bt-trade-108,BTCUSDT,BUY,2026-01-20T00:30:00+00:00,2026-01-20T02:00:00+00:00,92769.81172500,92246.98661553928571428571428,0.063,90.0,STOP_LOSS,-38.782480034700000000000000,5.81156015677897500000000000,-44.59404019147897500000000000,5844.49813867500,5811.560156778975000000000000,0.063,False,True,False,False
bt-trade-109,BTCUSDT,BUY,2026-01-20T10:00:00+00:00,2026-01-20T13:00:00+00:00,91217.93617500,90697.48071361785714285714285,0.064,180.0,STOP_LOSS,-39.147097443657142857142858,5.80463876567154285714285714,-44.95173620932868571428571514,5837.94791520000,5804.638765671542857142857142,0.064,False,True,False,False
bt-trade-110,BTCUSDT,BUY,2026-01-20T14:00:00+00:00,2026-01-20T14:15:00+00:00,91142.02824000,90691.839040280000,0.063,15.0,STOP_LOSS,-34.103867361480000,5.713585859537640000,-39.817453221017640000,5741.94777912000,5713.585859537640000,0.063,False,True,False,False
bt-trade-111,BTCUSDT,BUY,2026-01-20T14:30:00+00:00,2026-01-20T14:45:00+00:00,91111.67307000,90604.12138650428571428571428,0.063,15.0,STOP_LOSS,-37.715791463640000000000000,5.70805964734977000000000000,-43.42385111098977000000000000,5740.03540341000,5708.059647349770000000000000,0.063,False,True,False,False
bt-trade-112,BTCUSDT,BUY,2026-01-20T16:00:00+00:00,2026-01-20T16:30:00+00:00,90802.62862500,90131.04971269642857142857143,0.063,30.0,STOP_LOSS,-48.030037078500000000000000,5.67825613189987500000000000,-53.70829321039987500000000000,5720.56560337500,5678.256131899875000000000000,0.063,False,True,False,False
bt-trade-113,BTCUSDT,BUY,2026-01-20T19:45:00+00:00,2026-01-20T20:00:00+00:00,89770.62288000,89164.82066278857142857142857,0.063,15.0,STOP_LOSS,-43.821088925760000000000000,5.61738370175568000000000000,-49.43847262751568000000000000,5655.54924144000,5617.383701755680000000000000,0.063,False,True,False,False
bt-trade-114,BTCUSDT,BUY,2026-01-20T20:15:00+00:00,2026-01-20T21:30:00+00:00,89813.45428500,89208.18230571642857142857143,0.062,75.0,STOP_LOSS,-43.095296881251428571428571,5.53090730295441857142857143,-48.62620418420584714285714243,5568.43416567000,5530.907302954418571428571429,0.062,False,True,False,False
bt-trade-115,BTCUSDT,BUY,2026-01-20T22:00:00+00:00,2026-01-20T22:30:00+00:00,89679.92755500,89149.34761090642857142857143,0.062,30.0,STOP_LOSS,-38.456112042211428571428571,5.52725955187619857142857143,-43.98337159408762714285714243,5560.15550841000,5527.259551876198571428571429,0.062,False,True,False,False
bt-trade-116,BTCUSDT,BUY,2026-01-21T00:30:00+00:00,2026-01-21T05:30:00+00:00,88895.60559000,89668.335590000,0.062,300.0,TAKE_PROFIT,42.39773245342000,5.559436806580000,36.838295646840000,5511.52754658000,5559.436806580000,0.062,True,False,False,True
bt-trade-117,BTCUSDT,BUY,2026-01-21T09:15:00+00:00,2026-01-21T09:45:00+00:00,89454.12471000,88978.27524158428571428571428,0.062,30.0,STOP_LOSS,-35.048822773794285714285715,5.51665306497822571428571428,-40.56547583877251142857142928,5546.15573202000,5516.653064978225714285714285,0.062,False,True,False,False
bt-trade-118,BTCUSDT,BUY,2026-01-21T10:00:00+00:00,2026-01-21T11:45:00+00:00,89348.42188500,88857.16754720214285714285715,0.062,105.0,STOP_LOSS,-35.997371100337142857142857,5.50914438792653285714285714,-41.50651548826367571428571414,5539.60215687000,5509.144387926532857142857143,0.062,False,True,False,False
bt-trade-119,BTCUSDT,BUY,2026-01-21T13:00:00+00:00,2026-01-21T13:30:00+00:00,88987.47150000,88452.146595500000,0.061,30.0,STOP_LOSS,-38.083054936000000,5.395580942325500000,-43.478635878325500000,5428.23576150000,5395.580942325500000,0.061,False,True,False,False
bt-trade-120,BTCUSDT,BUY,2026-01-21T14:00:00+00:00,2026-01-21T15:00:00+00:00,89623.58940000,90314.01511428571428571428571,0.060,60.0,TAKE_PROFIT,36.048127493142857142857143,5.41884090685714285714285714,30.62928658628571428571428586,5377.41536400000,5418.840906857142857142857143,0.060,True,False,False,True
bt-trade-121,BTCUSDT,BUY,2026-01-21T18:45:00+00:00,2026-01-21T19:15:00+00:00,88529.67271500,89721.63557214285714285714286,0.061,30.0,TAKE_PROFIT,67.309424250099285714285714,5.47301976990071428571428571,61.83640448019857142857142829,5400.31003561500,5473.019769900714285714285714,0.061,True,False,False,True
bt-trade-122,BTCUSDT,BUY,2026-01-21T23:00:00+00:00,2026-01-21T23:15:00+00:00,90235.57524000,89626.22963070857142857142857,0.061,15.0,STOP_LOSS,-42.674452256417142857142857,5.46720000747322285714285714,-48.14165226389036571428571414,5504.37008964000,5467.200007473222857142857143,0.061,False,True,False,False
bt-trade-123,BTCUSDT,BUY,2026-01-22T00:15:00+00:00,2026-01-22T13:30:00+00:00,89884.06957500,89334.94544770357142857142857,0.061,795.0,STOP_LOSS,-38.979500009157142857142857,5.44943167230991785714285714,-44.42893168146706071428571414,5482.92824407500,5449.431672309917857142857143,0.061,False,True,False,False
bt-trade-124,BTCUSDT,BUY,2026-01-22T17:00:00+00:00,2026-01-23T14:30:00+00:00,89272.94416500,88553.86034393357142857142857,0.061,1290.0,STOP_LOSS,-49.309762679117142857142857,5.40178548097994785714285714,-54.71154816009709071428571414,5445.64959406500,5401.785480979947857142857143,0.061,False,True,False,False
bt-trade-125,BTCUSDT,BUY,2026-01-23T15:30:00+00:00,2026-01-23T16:00:00+00:00,89304.60999000,89937.42284714285714285714286,0.060,30.0,TAKE_PROFIT,32.610494829171428571428572,5.39624537082857142857142857,27.21424945834285714285714343,5358.27659940000,5396.245370828571428571428572,0.060,True,False,False,True
bt-trade-126,BTCUSDT,BUY,2026-01-23T22:15:00+00:00,2026-01-24T00:45:00+00:00,89757.07611000,89178.34320309857142857142857,0.060,150.0,STOP_LOSS,-40.109398980685714285714286,5.35070059218591428571428571,-45.46009957287162857142857171,5385.42456660000,5350.700592185914285714285714,0.060,False,True,False,False
bt-trade-127,BTCUSDT,BUY,2026-01-24T01:15:00+00:00,2026-01-24T01:30:00+00:00,89619.01711500,89224.51954794071428571428572,0.060,15.0,STOP_LOSS,-29.046995050457142857142857,5.35347117287644285714285714,-34.40046622333358571428571414,5377.14102690000,5353.471172876442857142857143,0.060,False,True,False,False
bt-trade-128,BTCUSDT,BUY,2026-01-24T04:30:00+00:00,2026-01-24T06:15:00+00:00,89804.54983500,89434.73116406642857142857143,0.059,105.0,STOP_LOSS,-27.117770025345714285714286,5.27664913867991928571428571,-32.39441916402563357142857171,5298.46844026500,5276.649138679919285714285714,0.059,False,True,False,False
bt-trade-129,BTCUSDT,BUY,2026-01-24T08:30:00+00:00,2026-01-24T08:45:00+00:00,89708.05161000,89384.86228159857142857142857,0.059,15.0,STOP_LOSS,-24.360945420674285714285714,5.27370687461431571428571429,-29.63465229528860142857142829,5292.77504499000,5273.706874614315714285714286,0.059,False,True,False,False
bt-trade-130,BTCUSDT,BUY,2026-01-24T10:45:00+00:00,2026-01-24T11:00:00+00:00,89671.61340000,89363.07676765714285714285715,0.058,15.0,STOP_LOSS,-23.096078253085714285714285,5.18305845252411428571428572,-28.27913670560982857142857072,5200.95357720000,5183.058452524114285714285715,0.058,False,True,False,False
bt-trade-131,BTCUSDT,BUY,2026-01-24T11:15:00+00:00,2026-01-24T11:30:00+00:00,89678.68693500,89376.341104195000,0.058,15.0,STOP_LOSS,-22.737422028920000,5.183827784043310000,-27.921249812963310000,5201.36384223000,5183.827784043310000,0.058,False,True,False,False
bt-trade-132,BTCUSDT,BUY,2026-01-24T17:00:00+00:00,2026-01-24T19:15:00+00:00,89416.56594000,89033.69969789428571428571428,0.058,135.0,STOP_LOSS,-27.392402866651428571428572,5.16395458247786857142857143,-32.55635744912929714285714343,5186.16082452000,5163.954582477868571428571428,0.058,False,True,False,False
bt-trade-133,BTCUSDT,BUY,2026-01-24T20:00:00+00:00,2026-01-24T21:00:00+00:00,89418.21676500,89085.11082541928571428571428,0.058,60.0,STOP_LOSS,-24.506401068051428571428572,5.16693642787431857142857143,-29.67333749592574714285714343,5186.25657237000,5166.936427874318571428571428,0.058,False,True,False,False
bt-trade-134,BTCUSDT,BUY,2026-01-24T21:30:00+00:00,2026-01-24T21:45:00+00:00,89415.05518500,89101.30622730214285714285715,0.057,15.0,STOP_LOSS,-22.980348734322857142857142,5.07877445495622214285714286,-28.05912318927907928571428486,5096.65814554500,5078.774454956222142857142858,0.057,False,True,False,False
bt-trade-135,BTCUSDT,BUY,2026-01-24T22:45:00+00:00,2026-01-24T23:00:00+00:00,89474.71500000,89144.162800000000,0.057,15.0,STOP_LOSS,-23.941534155000000,5.081217279600000000,-29.022751434600000000,5100.05875500000,5081.217279600000000,0.057,False,True,False,False
bt-trade-136,BTCUSDT,BUY,2026-01-24T23:15:00+00:00,2026-01-24T23:30:00+00:00,89434.45488000,89093.25799678857142857142857,0.057,15.0,STOP_LOSS,-24.545986271211428571428572,5.07831570581694857142857143,-29.62430197702837714285714343,5097.76392816000,5078.315705816948571428571428,0.057,False,True,False,False
bt-trade-137,BTCUSDT,BUY,2026-01-25T00:45:00+00:00,2026-01-25T01:00:00+00:00,89359.83759000,89002.87481508714285714285715,0.056,15.0,STOP_LOSS,-24.994066300160000000000000,4.98416098964488000000000000,-29.97822728980488000000000000,5004.15090504000,4984.160989644880000000000000,0.056,False,True,False,False
bt-trade-138,BTCUSDT,BUY,2026-01-25T02:00:00+00:00,2026-01-25T02:15:00+00:00,89287.82160000,88931.399610200000,0.056,15.0,STOP_LOSS,-24.959749438400000,4.980158378171200000,-29.939907816571200000,5000.11800960000,4980.158378171200000,0.056,False,True,False,False
bt-trade-139,BTCUSDT,BUY,2026-01-25T04:30:00+00:00,2026-01-25T04:45:00+00:00,89112.57402000,88750.55832936857142857142857,0.056,15.0,STOP_LOSS,-25.263182820480000000000000,4.97003126644464000000000000,-30.23321408692464000000000000,4990.30414512000,4970.031266444640000000000000,0.056,False,True,False,False
bt-trade-140,BTCUSDT,BUY,2026-01-25T05:00:00+00:00,2026-01-25T05:15:00+00:00,89084.97022500,88724.61474218214285714285715,0.056,15.0,STOP_LOSS,-25.168665370400000000000000,4.96857842556220000000000000,-30.13724379596220000000000000,4988.75833260000,4968.578425562200000000000000,0.056,False,True,False,False
bt-trade-141,BTCUSDT,BUY,2026-01-25T10:15:00+00:00,2026-01-25T12:00:00+00:00,88670.01285000,88261.31074716428571428571428,0.055,105.0,STOP_LOSS,-27.355466362714285714285715,4.85437209109403571428571428,-32.20983845380832142857142928,4876.85070675000,4854.372091094035714285714285,0.055,False,True,False,False
bt-trade-142,BTCUSDT,BUY,2026-01-25T12:00:00+00:00,2026-01-25T12:15:00+00:00,88683.19944000,88288.04403882285714285714285,0.055,15.0,STOP_LOSS,-26.611123033942857142857143,4.85584242213525714285714286,-31.46696545607811428571428586,4877.57596920000,4855.842422135257142857142857,0.055,False,True,False,False
bt-trade-143,BTCUSDT,BUY,2026-01-25T21:00:00+00:00,2026-01-25T21:30:00+00:00,86977.59706500,86275.51741094785714285714285,0.056,30.0,STOP_LOSS,-44.187206062560000000000000,4.83142897501308000000000000,-49.01863503757308000000000000,4870.74543564000,4831.428975013080000000000000,0.056,False,True,False,False
bt-trade-144,BTCUSDT,BUY,2026-01-25T22:30:00+00:00,2026-01-25T23:00:00+00:00,86677.91730000,86027.737508100000,0.055,30.0,STOP_LOSS,-40.527174006000000,4.731525562945500000,-45.258699568945500000,4767.28545150000,4731.525562945500000,0.055,False,True,False,False
bt-trade-145,BTCUSDT,BUY,2026-01-25T23:45:00+00:00,2026-01-26T01:00:00+00:00,86713.69518000,87428.05660857142857142857143,0.055,75.0,TAKE_PROFIT,34.520625336528571428571429,4.80854311347142857142857143,29.71208222305714285714285757,4769.25323490000,4808.543113471428571428571429,0.055,True,False,False,True
bt-trade-146,BTCUSDT,BUY,2026-01-26T04:00:00+00:00,2026-01-26T08:00:00+00:00,87509.75301000,88152.78015285714285714285714,0.055,240.0,TAKE_PROFIT,30.553456441592857142857143,4.84840290840714285714285714,25.70505353318571428571428586,4813.03641555000,4848.402908407142857142857143,0.055,True,False,False,True
bt-trade-147,BTCUSDT,BUY,2026-01-26T10:15:00+00:00,2026-01-26T13:00:00+00:00,87956.69637000,87460.89061017571428571428572,0.055,165.0,STOP_LOSS,-32.106935090685714285714285,4.81034898355966428571428572,-36.91728407424537857142857072,4837.61830035000,4810.348983559664285714285715,0.055,False,True,False,False
bt-trade-148,BTCUSDT,BUY,2026-01-26T13:15:00+00:00,2026-01-26T14:00:00+00:00,87936.96651000,87541.74744975571428571428572,0.054,45.0,STOP_LOSS,-26.090425444731428571428571,4.72725436228680857142857143,-30.81767980701823714285714243,4748.59619154000,4727.254362286808571428571429,0.054,False,True,False,False
bt-trade-149,BTCUSDT,BUY,2026-01-26T14:30:00+00:00,2026-01-26T14:45:00+00:00,88188.16204500,87703.13807029357142857142857,0.054,15.0,STOP_LOSS,-30.953455384577142857142857,4.73596945579585285714285714,-35.68942484037299571428571414,4762.16075043000,4735.969455795852857142857143,0.054,False,True,False,False
bt-trade-150,BTCUSDT,BUY,2026-01-26T17:45:00+00:00,2026-01-27T03:00:00+00:00,87744.47031000,88879.280310000,0.054,555.0,TAKE_PROFIT,56.54153860326000,4.799481136740000,51.742057466520000,4738.20139674000,4799.481136740000,0.054,True,False,False,True
bt-trade-151,BTCUSDT,BUY,2026-01-27T07:00:00+00:00,2026-01-27T07:45:00+00:00,88541.65870500,88143.54667174214285714285715,0.054,45.0,STOP_LOSS,-26.279299365994285714285714,4.75975152027407571428571429,-31.03905088626836142857142829,4781.24957007000,4759.751520274075714285714286,0.054,False,True,False,False
bt-trade-152,BTCUSDT,BUY,2026-01-27T11:30:00+00:00,2026-01-27T12:45:00+00:00,88099.03750500,87695.41676391357142857142857,0.054,75.0,STOP_LOSS,-26.552868043937142857142857,4.73555250525133285714285714,-31.28842054918847571428571414,4757.34802527000,4735.552505251332857142857143,0.054,False,True,False,False
bt-trade-153,BTCUSDT,BUY,2026-01-27T13:30:00+00:00,2026-01-27T13:45:00+00:00,88095.67582500,87701.24682681071428571428572,0.053,15.0,STOP_LOSS,-25.573807722757142857142857,4.64816608182096785714285714,-30.22197380457811071428571414,4669.07081872500,4648.166081820967857142857143,0.053,False,True,False,False
bt-trade-154,BTCUSDT,BUY,2026-01-27T15:00:00+00:00,2026-01-27T15:15:00+00:00,88025.86093500,87519.91827362357142857142857,0.053,15.0,STOP_LOSS,-31.480331682505714285714286,4.63855566850204928571428571,-36.11888735100776357142857171,4665.37062955500,4638.555668502049285714285714,0.053,False,True,False,False
bt-trade-155,BTCUSDT,BUY,2026-01-27T15:45:00+00:00,2026-01-27T16:00:00+00:00,88091.48373000,88666.41087285714285714285714,0.053,15.0,TAKE_PROFIT,25.802289933738571428571428,4.69931977626142857142857143,21.10297015747714285714285657,4668.84863769000,4699.319776261428571428571428,0.053,True,False,False,True
bt-trade-156,BTCUSDT,BUY,2026-01-27T18:15:00+00:00,2026-01-27T20:15:00+00:00,87911.93400000,88770.10257142857142857142857,0.053,120.0,TAKE_PROFIT,40.823601783714285714285714,4.70481543628571428571428571,36.11878634742857142857142829,4659.33250200000,4704.815436285714285714285714,0.053,True,False,False,True
bt-trade-157,BTCUSDT,BUY,2026-01-28T00:15:00+00:00,2026-01-28T02:45:00+00:00,89364.01968000,88883.441995960000,0.052,150.0,STOP_LOSS,-29.636968593440000,4.621938983789920000,-34.258907577229920000,4646.92902336000,4621.938983789920000,0.052,False,True,False,False
bt-trade-158,BTCUSDT,BUY,2026-01-28T05:45:00+00:00,2026-01-28T08:45:00+00:00,89128.64205000,88693.46387242142857142857143,0.052,180.0,STOP_LOSS,-27.263954620685714285714286,4.61206012136591428571428571,-31.87601474205162857142857171,4634.68938660000,4612.060121365914285714285714,0.052,False,True,False,False
bt-trade-159,BTCUSDT,BUY,2026-01-28T09:30:00+00:00,2026-01-28T11:45:00+00:00,89363.93964000,89733.24249714285714285714286,0.052,135.0,TAKE_PROFIT,14.556823710148571428571429,4.666128609851428571428571429,9.890695100297142857142857571,4646.92486128000,4666.128609851428571428571429,0.052,True,False,False,True
bt-trade-160,BTCUSDT,BUY,2026-01-28T16:15:00+00:00,2026-01-28T17:30:00+00:00,89793.80446500,89158.90148731928571428571428,0.052,75.0,STOP_LOSS,-37.684232671577142857142857,4.63626287734060285714285714,-42.32049554891774571428571414,4669.27783218000,4636.262877340602857142857143,0.052,False,True,False,False
bt-trade-161,BTCUSDT,BUY,2026-01-28T17:30:00+00:00,2026-01-28T18:00:00+00:00,89902.60884000,89249.32805205142857142857143,0.051,30.0,STOP_LOSS,-37.902353236217142857142857,4.55171573065462285714285714,-42.45406896687176571428571414,4585.03305084000,4551.715730654622857142857143,0.051,False,True,False,False
bt-trade-162,BTCUSDT,BUY,2026-01-28T20:00:00+00:00,2026-01-28T20:30:00+00:00,89629.65243000,88932.35898199571428571428572,0.051,30.0,STOP_LOSS,-40.133078122148571428571428,4.53555030808178142857142857,-44.66862843023035285714285657,4571.11227393000,4535.550308081781428571428572,0.051,False,True,False,False
bt-trade-163,BTCUSDT,BUY,2026-01-28T21:30:00+00:00,2026-01-29T00:15:00+00:00,89470.80304500,88817.13630515071428571428572,0.050,165.0,STOP_LOSS,-37.156877144714285714285714,4.44085681525753571428571429,-41.59773395997182142857142829,4473.54015225000,4440.856815257535714285714286,0.050,False,True,False,False
bt-trade-164,BTCUSDT,BUY,2026-01-29T04:45:00+00:00,2026-01-29T08:00:00+00:00,88359.35760000,87831.25169934285714285714285,0.051,195.0,STOP_LOSS,-31.439728171114285714285715,4.47939383666648571428571428,-35.91912200778077142857142928,4506.32723760000,4479.393836666485714285714285,0.051,False,True,False,False
bt-trade-165,BTCUSDT,BUY,2026-01-29T08:15:00+00:00,2026-01-29T08:30:00+00:00,88496.62620000,88058.13972997142857142857143,0.050,15.0,STOP_LOSS,-26.349154811428571428571428,4.40290698649857142857142857,-30.75206179792714285714285657,4424.83131000000,4402.906986498571428571428572,0.050,False,True,False,False
bt-trade-166,BTCUSDT,BUY,2026-01-29T11:00:00+00:00,2026-01-29T11:15:00+00:00,88067.32165500,87581.99434789214285714285715,0.050,15.0,STOP_LOSS,-28.669731438142857142857142,4.37909971739460714285714286,-33.04883115553746428571428486,4403.36608275000,4379.099717394607142857142858,0.050,False,True,False,False
bt-trade-167,BTCUSDT,BUY,2026-01-29T12:00:00+00:00,2026-01-29T12:30:00+00:00,88066.00099500,87636.19203415785714285714285,0.050,30.0,STOP_LOSS,-25.893748091857142857142858,4.38180960170789285714285714,-30.27555769356503571428571514,4403.30004975000,4381.809601707892857142857142,0.050,False,True,False,False
bt-trade-168,BTCUSDT,BUY,2026-01-29T19:30:00+00:00,2026-01-30T01:15:00+00:00,84208.65328500,83406.44318157357142857142857,0.052,345.0,STOP_LOSS,-46.093775348994285714285714,4.33713504544182571428571429,-50.43091039443611142857142829,4378.84997082000,4337.135045441825714285714286,0.052,False,True,False,False
bt-trade-169,BTCUSDT,BUY,2026-01-30T03:45:00+00:00,2026-01-30T06:45:00+00:00,82717.76821500,81825.72026392642857142857143,0.050,180.0,STOP_LOSS,-48.738285964428571428571428,4.09128601319632142857142857,-52.82957197762489285714285657,4135.88841075000,4091.286013196321428571428572,0.050,False,True,False,False
bt-trade-170,BTCUSDT,BUY,2026-01-30T07:00:00+00:00,2026-01-30T07:30:00+00:00,82987.51302000,82419.41006879714285714285715,0.051,30.0,STOP_LOSS,-33.205613675365714285714285,4.20338991350865428571428572,-37.40900358887436857142857072,4232.36316402000,4203.389913508654285714285715,0.051,False,True,False,False
bt-trade-171,BTCUSDT,BUY,2026-01-30T07:45:00+00:00,2026-01-30T08:30:00+00:00,82858.38849000,82293.27009738714285714285715,0.051,45.0,STOP_LOSS,-33.046815836245714285714285,4.19695677496674428571428572,-37.24377261121245857142857072,4225.77781299000,4196.956774966744285714285715,0.051,False,True,False,False
bt-trade-172,BTCUSDT,BUY,2026-01-30T10:15:00+00:00,2026-01-30T11:45:00+00:00,82563.93133500,83193.90419214285714285714286,0.050,90.0,TAKE_PROFIT,27.370446290392857142857143,4.15969520960714285714285714,23.21075108078571428571428586,4128.19656675000,4159.695209607142857142857143,0.050,True,False,False,True
bt-trade-173,BTCUSDT,BUY,2026-01-30T12:45:00+00:00,2026-01-30T13:00:00+00:00,82841.90025000,82307.14154639285714285714285,0.050,15.0,STOP_LOSS,-30.880030192857142857142858,4.11535707731964285714285714,-34.99538727017678571428571514,4142.09501250000,4115.357077319642857142857142,0.050,False,True,False,False
bt-trade-174,BTCUSDT,BUY,2026-01-30T13:30:00+00:00,2026-01-30T13:45:00+00:00,82971.74514000,82413.26211672285714285714285,0.050,15.0,STOP_LOSS,-32.072738420857142857142858,4.12066310583614285714285714,-36.19340152669328571428571514,4148.58725700000,4120.663105836142857142857142,0.050,False,True,False,False
bt-trade-175,BTCUSDT,BUY,2026-01-30T14:00:00+00:00,2026-01-30T14:30:00+00:00,83014.85668500,83657.52239928571428571428571,0.050,30.0,TAKE_PROFIT,27.982542880035714285714286,4.18287611996428571428571429,23.79966676007142857142857171,4150.74283425000,4182.876119964285714285714286,0.050,True,False,False,True
bt-trade-176,BTCUSDT,BUY,2026-01-30T15:30:00+00:00,2026-01-30T16:00:00+00:00,83308.03320000,82555.486505400000,0.050,30.0,STOP_LOSS,-41.792736390000000,4.127774325270000000,-45.920510715270000000,4165.40166000000,4127.774325270000000,0.050,False,True,False,False
bt-trade-177,BTCUSDT,BUY,2026-01-30T16:00:00+00:00,2026-01-30T16:15:00+00:00,83113.14580500,82335.735347585000,0.049,15.0,STOP_LOSS,-42.165656557780000,4.034451032031665000,-46.200107589811665000,4072.54414444500,4034.451032031665000,0.049,False,True,False,False
bt-trade-178,BTCUSDT,BUY,2026-01-30T17:15:00+00:00,2026-01-30T18:00:00+00:00,83427.37284000,82564.26330719428571428571428,0.048,45.0,STOP_LOSS,-45.433771470994285714285715,3.96308463874532571428571428,-49.39685610973961142857142928,4004.51389632000,3963.084638745325714285714285,0.048,False,True,False,False
bt-trade-179,BTCUSDT,BUY,2026-01-30T18:30:00+00:00,2026-01-30T19:15:00+00:00,83176.34739000,84454.08596142857142857142857,0.047,45.0,TAKE_PROFIT,56.144424529812857142857143,3.96934204018714285714285714,52.17508248962571428571428586,3909.28832733000,3969.342040187142857142857143,0.047,True,False,False,True
bt-trade-180,BTCUSDT,BUY,2026-01-30T22:45:00+00:00,2026-01-31T02:15:00+00:00,84262.09999500,83607.44507144357142857142857,0.048,210.0,STOP_LOSS,-35.468017130468571428571429,4.01315736342929142857142857,-39.48117449389786285714285757,4044.58079976000,4013.157363429291428571428571,0.048,False,True,False,False
bt-trade-181,BTCUSDT,BUY,2026-01-31T02:30:00+00:00,2026-01-31T04:15:00+00:00,84180.72933000,83749.53186343857142857142857,0.048,105.0,STOP_LOSS,-24.738153402788571428571429,4.01997752944505142857142857,-28.75813093223362285714285757,4040.67500784000,4019.977529445051428571428571,0.048,False,True,False,False
bt-trade-182,BTCUSDT,BUY,2026-01-31T10:30:00+00:00,2026-01-31T11:45:00+00:00,83221.57999500,82702.34283430071428571428572,0.048,75.0,STOP_LOSS,-28.918019553325714285714285,3.96971245604643428571428572,-32.88773200937214857142857072,3994.63583976000,3969.712456046434285714285715,0.048,False,True,False,False
